Transaction_ID,Transaction_Amount,Transaction_Type,Account_Balance,Transaction_Time,Location_Type,Device_Type,Failed_Login_Attempts,Previous_Fraud_History,Daily_Transaction_Count,Is_Weekend,Fraud
TXN0001,509,ATM,37579,Morning,Domestic,Mobile,2,0,5,0,0
TXN0002,620,ATM,133475,Morning,Domestic,Mobile,0,0,2,0,0
TXN0003,9028,POS,2703,Afternoon,Domestic,Laptop,1,0,4,1,0
TXN0004,2647,UPI,100595,Morning,Domestic,Mobile,0,0,6,1,0
TXN0005,9991,Online,141568,Evening,Domestic,Mobile,1,0,1,1,0
TXN0006,48427,ATM,76861,Night,International,Mobile,6,1,14,0,1
TXN0007,6327,POS,43638,Evening,Domestic,ATM,1,0,8,1,0
TXN0008,4474,ATM,141021,Evening,Domestic,Laptop,2,0,2,0,0
TXN0009,4522,POS,15663,Evening,Domestic,Laptop,2,0,4,0,0
TXN0010,6672,POS,56738,Morning,Domestic,Tablet,1,0,2,1,0
TXN0011,7617,ATM,196294,Morning,Domestic,ATM,0,0,5,1,0
TXN0012,6643,Online,24831,Morning,Domestic,Mobile,1,0,4,0,0
TXN0013,2721,UPI,101864,Evening,Domestic,Tablet,2,0,7,1,0
TXN0014,9164,POS,169024,Evening,Domestic,ATM,0,0,2,0,0
TXN0015,2691,POS,132225,Evening,Domestic,Laptop,1,0,1,0,0
TXN0016,4989,POS,43349,Morning,Domestic,Mobile,2,0,4,1,0
TXN0017,1932,UPI,64143,Morning,Domestic,Mobile,1,0,5,0,0
TXN0018,1233,Online,145127,Morning,Domestic,Laptop,2,0,3,1,0
TXN0019,7032,POS,105593,Evening,Domestic,ATM,0,0,4,1,0
TXN0020,7497,UPI,89627,Morning,Domestic,Mobile,0,0,4,0,0
TXN0021,217,UPI,9234,Morning,Domestic,ATM,0,0,1,0,0
TXN0022,4662,ATM,190622,Morning,Domestic,Tablet,2,0,8,0,0
TXN0023,6769,Online,93876,Morning,Domestic,Tablet,0,0,2,1,0
TXN0024,987,Online,191896,Morning,Domestic,ATM,2,0,2,0,0
TXN0025,3216,Online,49100,Morning,Domestic,ATM,2,0,8,1,0
TXN0026,1335,UPI,25448,Morning,Domestic,Laptop,1,0,2,0,0
TXN0027,7986,ATM,100345,Morning,Domestic,Mobile,0,0,7,1,0
TXN0028,7554,Online,41579,Evening,Domestic,Laptop,1,0,7,1,0
TXN0029,1058,POS,15985,Evening,Domestic,Mobile,2,0,1,1,0
TXN0030,8801,UPI,49712,Evening,Domestic,Mobile,0,0,1,0,0
TXN0031,3953,ATM,152760,Evening,Domestic,Mobile,1,0,2,0,0
TXN0032,9662,ATM,176564,Afternoon,Domestic,ATM,2,0,6,0,0
TXN0033,2244,POS,198096,Afternoon,Domestic,Mobile,2,0,5,0,0
TXN0034,9324,ATM,133614,Evening,Domestic,ATM,0,0,2,0,0
TXN0035,1227,ATM,115867,Afternoon,Domestic,ATM,0,0,6,0,0
TXN0036,9186,POS,31258,Morning,Domestic,Mobile,1,0,2,0,0
TXN0037,3550,POS,133489,Morning,Domestic,Tablet,2,0,6,1,0
TXN0038,932,UPI,1929,Afternoon,Domestic,ATM,0,0,7,0,0
TXN0039,4391,Online,148038,Evening,Domestic,Mobile,0,0,8,0,0
TXN0040,29536,ATM,11965,Night,Domestic,ATM,6,0,19,1,1
TXN0041,753,ATM,175832,Evening,Domestic,Mobile,1,0,4,1,0
TXN0042,6758,ATM,47413,Morning,Domestic,Tablet,2,0,3,0,0
TXN0043,5542,ATM,184835,Afternoon,Domestic,Mobile,1,0,4,1,0
TXN0044,7811,POS,81003,Afternoon,Domestic,Laptop,0,0,4,0,0
TXN0045,35313,POS,169160,Night,Domestic,Tablet,5,1,16,1,1
TXN0046,1989,POS,11028,Evening,Domestic,Mobile,1,0,3,1,0
TXN0047,5239,ATM,67773,Afternoon,Domestic,Mobile,1,0,2,1,0
TXN0048,80575,POS,174903,Night,Domestic,Mobile,3,1,21,1,1
TXN0049,6791,POS,146335,Evening,Domestic,Laptop,1,0,7,0,0
TXN0050,6311,POS,107450,Evening,Domestic,Mobile,2,0,3,1,0
TXN0051,7143,Online,116909,Afternoon,Domestic,Laptop,2,0,6,1,0
TXN0052,2880,POS,25480,Afternoon,Domestic,Laptop,2,0,2,1,0
TXN0053,3362,ATM,125554,Morning,Domestic,Mobile,0,0,1,1,0
TXN0054,9531,Online,64959,Afternoon,Domestic,Laptop,0,0,7,0,0
TXN0055,1846,Online,14164,Morning,Domestic,Laptop,1,0,4,0,0
TXN0056,7712,Online,144621,Afternoon,Domestic,Tablet,2,0,6,0,0
TXN0057,7877,POS,137655,Morning,Domestic,Tablet,1,0,5,0,0
TXN0058,1369,POS,89040,Morning,Domestic,ATM,2,0,5,0,0
TXN0059,40311,Online,87738,Night,Domestic,Tablet,5,0,14,1,1
TXN0060,65069,POS,79279,Midnight,International,Tablet,5,0,20,1,1
TXN0061,9047,ATM,72548,Afternoon,Domestic,Tablet,2,0,4,1,0
TXN0062,54057,Online,156161,Night,International,Mobile,5,0,22,0,1
TXN0063,2323,POS,100379,Morning,Domestic,ATM,1,0,3,0,0
TXN0064,5629,POS,22471,Afternoon,Domestic,Tablet,1,0,5,0,0
TXN0065,953,UPI,171853,Evening,Domestic,Mobile,1,0,4,0,0
TXN0066,3366,ATM,125141,Morning,Domestic,Mobile,0,0,3,0,0
TXN0067,4298,UPI,43930,Evening,Domestic,ATM,1,0,3,0,0
TXN0068,5211,ATM,20922,Afternoon,Domestic,Laptop,2,0,7,0,0
TXN0069,5041,UPI,92017,Evening,Domestic,Tablet,2,0,2,1,0
TXN0070,94874,Online,95945,Midnight,International,Tablet,4,0,21,0,1
TXN0071,8648,Online,122863,Evening,Domestic,Tablet,2,0,5,1,0
TXN0072,4122,ATM,197732,Afternoon,Domestic,Tablet,0,0,5,1,0
TXN0073,8198,ATM,94015,Afternoon,Domestic,ATM,1,0,3,1,0
TXN0074,9867,UPI,136430,Evening,Domestic,Laptop,2,0,5,0,0
TXN0075,6758,Online,170319,Evening,Domestic,Tablet,1,0,4,1,0
TXN0076,1624,ATM,81270,Afternoon,Domestic,ATM,1,0,4,1,0
TXN0077,5732,Online,72019,Afternoon,Domestic,ATM,1,0,6,1,0
TXN0078,3255,ATM,51211,Evening,Domestic,Laptop,1,0,2,1,0
TXN0079,9759,ATM,78659,Morning,Domestic,Laptop,2,0,5,1,0
TXN0080,331,UPI,15293,Afternoon,Domestic,ATM,2,0,3,0,0
TXN0081,8142,POS,124049,Evening,Domestic,Tablet,0,0,1,1,0
TXN0082,941,UPI,106043,Morning,Domestic,Tablet,1,0,8,0,0
TXN0083,978,POS,23329,Evening,Domestic,Laptop,0,0,3,0,0
TXN0084,6918,Online,119099,Evening,Domestic,Tablet,2,0,4,1,0
TXN0085,7125,UPI,55470,Evening,Domestic,Laptop,1,0,1,1,0
TXN0086,2673,UPI,42034,Evening,Domestic,Mobile,0,0,3,1,0
TXN0087,9829,ATM,76524,Morning,Domestic,ATM,1,0,5,1,0
TXN0088,40595,ATM,70633,Night,International,Laptop,4,0,21,0,1
TXN0089,50319,POS,184430,Night,Domestic,Tablet,6,1,22,1,1
TXN0090,8190,UPI,114253,Evening,Domestic,ATM,1,0,2,1,0
TXN0091,40005,Online,137043,Night,International,Tablet,6,0,16,1,1
TXN0092,9690,Online,92215,Morning,Domestic,Tablet,1,0,8,1,0
TXN0093,1813,Online,76554,Afternoon,Domestic,Tablet,0,0,6,0,0
TXN0094,5253,Online,135898,Morning,Domestic,Mobile,1,0,6,1,0
TXN0095,3173,Online,164947,Evening,Domestic,Tablet,2,0,6,0,0
TXN0096,9098,Online,32831,Afternoon,Domestic,Mobile,0,0,5,0,0
TXN0097,5191,Online,25434,Evening,Domestic,Laptop,2,0,1,0,0
TXN0098,2024,POS,134397,Afternoon,Domestic,ATM,2,0,3,1,0
TXN0099,7836,ATM,101554,Evening,Domestic,Laptop,0,0,8,0,0
TXN0100,4626,POS,1672,Evening,Domestic,ATM,1,0,6,1,0
TXN0101,9601,Online,142185,Morning,Domestic,Tablet,2,0,8,1,0
TXN0102,9003,ATM,183845,Afternoon,Domestic,Laptop,1,0,8,1,0
TXN0103,6830,Online,185871,Evening,Domestic,Tablet,0,0,6,1,0
TXN0104,2592,POS,27309,Morning,Domestic,Tablet,1,0,1,0,0
TXN0105,7586,ATM,20615,Afternoon,Domestic,Tablet,0,0,3,1,0
TXN0106,6612,Online,84010,Afternoon,Domestic,Tablet,2,0,2,0,0
TXN0107,3946,UPI,114763,Morning,Domestic,Mobile,2,0,5,0,0
TXN0108,5006,UPI,77904,Afternoon,Domestic,ATM,0,0,1,1,0
TXN0109,4100,ATM,45560,Evening,Domestic,Laptop,2,0,7,0,0
TXN0110,6367,ATM,61866,Afternoon,Domestic,Tablet,2,0,4,1,0
TXN0111,253,ATM,20362,Evening,Domestic,Tablet,1,0,5,1,0
TXN0112,5001,POS,120756,Evening,Domestic,ATM,2,0,7,0,0
TXN0113,8016,POS,151683,Afternoon,Domestic,ATM,0,0,4,1,0
TXN0114,96275,POS,61324,Night,Domestic,ATM,5,1,8,0,1
TXN0115,4206,UPI,165484,Evening,Domestic,Mobile,2,0,3,1,0
TXN0116,646,ATM,24627,Evening,Domestic,ATM,2,0,6,1,0
TXN0117,2977,POS,140159,Evening,Domestic,ATM,0,0,3,0,0
TXN0118,7994,Online,20739,Morning,Domestic,Laptop,1,0,6,0,0
TXN0119,6611,Online,4648,Morning,Domestic,ATM,2,0,6,0,0
TXN0120,4395,POS,29402,Evening,Domestic,Laptop,2,0,7,1,0
TXN0121,83584,Online,31585,Midnight,Domestic,Laptop,4,0,10,0,1
TXN0122,5086,ATM,141914,Morning,Domestic,Laptop,1,0,2,1,0
TXN0123,8950,UPI,129279,Afternoon,Domestic,Tablet,1,0,3,1,0
TXN0124,58566,UPI,180746,Night,Domestic,ATM,3,1,22,1,1
TXN0125,46160,UPI,14258,Night,International,ATM,3,0,22,0,1
TXN0126,9350,ATM,154716,Evening,Domestic,Laptop,0,0,2,0,0
TXN0127,2517,ATM,35076,Afternoon,Domestic,ATM,2,0,1,0,0
TXN0128,13379,UPI,46677,Night,Domestic,ATM,3,0,19,0,1
TXN0129,65176,POS,135542,Midnight,Domestic,Mobile,6,0,10,1,1
TXN0130,810,UPI,16945,Afternoon,Domestic,Tablet,2,0,5,1,0
TXN0131,1868,UPI,85439,Morning,Domestic,Laptop,1,0,8,0,0
TXN0132,91830,Online,26999,Midnight,Domestic,Mobile,6,1,20,0,1
TXN0133,3843,Online,110049,Afternoon,Domestic,Mobile,1,0,6,1,0
TXN0134,4276,Online,18598,Evening,Domestic,Mobile,1,0,3,0,0
TXN0135,22656,UPI,108691,Night,Domestic,ATM,4,0,25,1,1
TXN0136,942,UPI,152497,Afternoon,Domestic,Laptop,1,0,5,0,0
TXN0137,3774,POS,31116,Evening,Domestic,ATM,0,0,6,0,0
TXN0138,9290,POS,8589,Evening,Domestic,Laptop,2,0,1,1,0
TXN0139,5162,ATM,38552,Morning,Domestic,Tablet,1,0,6,0,0
TXN0140,92991,Online,119920,Night,Domestic,ATM,2,0,24,0,1
TXN0141,5414,ATM,42264,Morning,Domestic,Mobile,2,0,2,0,0
TXN0142,7047,POS,57510,Afternoon,Domestic,Mobile,1,0,8,1,0
TXN0143,4740,POS,12905,Evening,Domestic,Laptop,2,0,8,1,0
TXN0144,997,ATM,36975,Afternoon,Domestic,ATM,0,0,4,1,0
TXN0145,226,ATM,100669,Morning,Domestic,Laptop,1,0,7,1,0
TXN0146,15544,Online,151313,Night,Domestic,Tablet,5,0,22,1,1
TXN0147,6736,Online,181777,Morning,Domestic,ATM,0,0,6,0,0
TXN0148,1834,Online,138353,Evening,Domestic,Mobile,0,0,7,1,0
TXN0149,5662,UPI,134820,Morning,Domestic,Mobile,0,0,6,0,0
TXN0150,5824,UPI,39389,Morning,Domestic,ATM,1,0,3,0,0
TXN0151,2604,Online,122622,Morning,Domestic,Tablet,2,0,2,1,0
TXN0152,5279,Online,116922,Morning,Domestic,ATM,0,0,8,1,0
TXN0153,5866,Online,119466,Afternoon,Domestic,Mobile,2,0,2,0,0
TXN0154,4803,Online,122297,Evening,Domestic,Mobile,0,0,2,1,0
TXN0155,9466,Online,132430,Afternoon,Domestic,Laptop,2,0,4,0,0
TXN0156,5726,ATM,11260,Evening,Domestic,Laptop,2,0,2,1,0
TXN0157,8686,POS,75158,Afternoon,Domestic,Tablet,2,0,3,1,0
TXN0158,9895,POS,25774,Morning,Domestic,Tablet,0,0,6,1,0
TXN0159,9974,ATM,92703,Morning,Domestic,ATM,0,0,6,1,0
TXN0160,21104,Online,134297,Night,International,ATM,4,1,18,0,1
TXN0161,3053,ATM,60386,Afternoon,Domestic,Laptop,0,0,6,0,0
TXN0162,23256,ATM,43532,Night,Domestic,Laptop,6,0,18,0,1
TXN0163,815,ATM,117444,Evening,Domestic,ATM,1,0,6,1,0
TXN0164,4018,POS,178814,Morning,Domestic,Tablet,1,0,8,1,0
TXN0165,6356,ATM,159508,Morning,Domestic,Laptop,2,0,7,1,0
TXN0166,72991,UPI,43024,Night,Domestic,ATM,4,0,24,1,1
TXN0167,2514,Online,92641,Morning,Domestic,Mobile,1,0,2,1,0
TXN0168,75799,ATM,8389,Night,Domestic,ATM,4,0,20,0,1
TXN0169,5593,POS,124851,Morning,Domestic,Laptop,0,0,3,1,0
TXN0170,186,ATM,40195,Afternoon,Domestic,Tablet,0,0,1,0,0
TXN0171,3993,ATM,111054,Morning,Domestic,Tablet,1,0,2,0,0
TXN0172,75513,POS,113522,Night,International,Mobile,6,0,24,1,1
TXN0173,6925,POS,18741,Evening,Domestic,Mobile,0,0,2,1,0
TXN0174,813,POS,196904,Afternoon,Domestic,Mobile,2,0,7,1,0
TXN0175,5749,POS,35972,Evening,Domestic,Mobile,0,0,2,1,0
TXN0176,2968,Online,166605,Evening,Domestic,Laptop,2,0,8,0,0
TXN0177,69988,UPI,83731,Night,International,ATM,2,1,14,1,1
TXN0178,8997,ATM,76002,Morning,Domestic,ATM,1,0,5,0,0
TXN0179,5538,Online,105863,Afternoon,Domestic,Tablet,1,0,2,1,0
TXN0180,3160,POS,22656,Afternoon,Domestic,Tablet,1,0,8,0,0
TXN0181,3056,UPI,21989,Afternoon,Domestic,ATM,2,0,5,1,0
TXN0182,9973,Online,93155,Morning,Domestic,Tablet,2,0,7,0,0
TXN0183,5876,UPI,20671,Afternoon,Domestic,Tablet,2,0,7,1,0
TXN0184,2721,Online,10122,Evening,Domestic,Laptop,0,0,3,0,0
TXN0185,6101,UPI,159621,Evening,Domestic,Laptop,1,0,7,1,0
TXN0186,6195,ATM,139794,Evening,Domestic,ATM,1,0,2,1,0
TXN0187,4666,ATM,131821,Morning,Domestic,Tablet,0,0,2,0,0
TXN0188,4364,POS,182922,Morning,Domestic,Tablet,2,0,8,0,0
TXN0189,19706,POS,187001,Night,Domestic,Mobile,5,0,22,1,1
TXN0190,2680,ATM,32814,Afternoon,Domestic,Laptop,2,0,3,0,0
TXN0191,8194,POS,123527,Evening,Domestic,Laptop,0,0,6,0,0
TXN0192,62187,POS,169385,Night,International,Mobile,5,1,21,1,1
TXN0193,8576,ATM,34825,Evening,Domestic,Tablet,1,0,3,0,0
TXN0194,8588,ATM,85583,Morning,Domestic,Laptop,0,0,5,1,0
TXN0195,8601,ATM,167476,Afternoon,Domestic,ATM,1,0,2,0,0
TXN0196,8840,ATM,45879,Evening,Domestic,ATM,0,0,3,0,0
TXN0197,564,POS,171689,Evening,Domestic,Laptop,0,0,1,1,0
TXN0198,596,POS,127601,Evening,Domestic,Laptop,1,0,5,1,0
TXN0199,1295,Online,109952,Morning,Domestic,Tablet,2,0,1,1,0
TXN0200,2453,POS,105521,Evening,Domestic,Laptop,1,0,6,1,0
TXN0201,1839,UPI,71116,Afternoon,Domestic,Tablet,1,0,4,0,0
TXN0202,16632,POS,152437,Night,International,ATM,4,1,21,0,1
TXN0203,8263,POS,131382,Afternoon,Domestic,Mobile,2,0,8,0,0
TXN0204,8381,POS,13755,Morning,Domestic,Mobile,1,0,4,1,0
TXN0205,7810,Online,36110,Morning,Domestic,ATM,1,0,1,1,0
TXN0206,6095,ATM,96033,Morning,Domestic,ATM,0,0,7,0,0
TXN0207,7478,UPI,34728,Evening,Domestic,Mobile,2,0,5,1,0
TXN0208,5655,ATM,158932,Morning,Domestic,Tablet,2,0,6,0,0
TXN0209,27961,ATM,86974,Midnight,International,ATM,4,1,24,0,1
TXN0210,5002,Online,186791,Evening,Domestic,ATM,2,0,6,1,0
TXN0211,6135,POS,191139,Afternoon,Domestic,Mobile,1,0,2,1,0
TXN0212,9577,UPI,153967,Evening,Domestic,Tablet,2,0,4,0,0
TXN0213,6329,UPI,51012,Morning,Domestic,Mobile,0,0,4,1,0
TXN0214,2581,Online,193895,Afternoon,Domestic,Mobile,1,0,4,0,0
TXN0215,9289,Online,83248,Evening,Domestic,Laptop,1,0,8,1,0
TXN0216,5708,POS,160927,Evening,Domestic,Tablet,2,0,6,0,0
TXN0217,4671,POS,76760,Morning,Domestic,Laptop,2,0,5,1,0
TXN0218,5814,UPI,151333,Afternoon,Domestic,Tablet,2,0,5,1,0
TXN0219,2499,UPI,91797,Afternoon,Domestic,Tablet,1,0,1,1,0
TXN0220,3605,POS,36985,Evening,Domestic,Mobile,0,0,5,0,0
TXN0221,8800,UPI,109344,Morning,Domestic,ATM,0,0,4,1,0
TXN0222,28018,ATM,199157,Midnight,Domestic,ATM,2,0,21,1,1
TXN0223,1069,UPI,46892,Evening,Domestic,Tablet,0,0,4,0,0
TXN0224,695,POS,10821,Morning,Domestic,Mobile,1,0,8,1,0
TXN0225,1858,Online,36179,Afternoon,Domestic,Tablet,1,0,5,1,0
TXN0226,1945,Online,170944,Evening,Domestic,ATM,1,0,3,0,0
TXN0227,54185,POS,23737,Midnight,Domestic,Tablet,4,0,13,0,1
TXN0228,2403,UPI,69363,Morning,Domestic,Tablet,1,0,6,0,0
TXN0229,4474,UPI,69564,Evening,Domestic,ATM,1,0,5,0,0
TXN0230,25495,UPI,168434,Midnight,Domestic,ATM,5,1,13,1,1
TXN0231,3690,Online,197014,Morning,Domestic,ATM,0,0,8,1,0
TXN0232,7814,UPI,138758,Morning,Domestic,Tablet,2,0,4,1,0
TXN0233,83946,ATM,87014,Night,International,Tablet,2,0,25,0,1
TXN0234,9654,Online,15584,Evening,Domestic,Tablet,1,0,2,0,0
TXN0235,7584,Online,177362,Evening,Domestic,ATM,2,0,1,0,0
TXN0236,149,UPI,12872,Evening,Domestic,Tablet,2,0,4,1,0
TXN0237,8966,UPI,76259,Afternoon,Domestic,Tablet,0,0,2,0,0
TXN0238,6987,Online,99473,Afternoon,Domestic,Mobile,1,0,7,0,0
TXN0239,5797,Online,139632,Evening,Domestic,Laptop,0,0,3,0,0
TXN0240,472,Online,140443,Evening,Domestic,Tablet,1,0,8,0,0
TXN0241,5771,UPI,9445,Morning,Domestic,Tablet,0,0,5,0,0
TXN0242,1202,UPI,65155,Afternoon,Domestic,Mobile,0,0,1,1,0
TXN0243,8943,POS,62384,Morning,Domestic,ATM,0,0,1,1,0
TXN0244,2447,POS,73129,Afternoon,Domestic,Mobile,2,0,4,0,0
TXN0245,7099,POS,169641,Morning,Domestic,Tablet,2,0,8,1,0
TXN0246,6788,ATM,198765,Afternoon,Domestic,Tablet,0,0,5,0,0
TXN0247,5027,UPI,148426,Afternoon,Domestic,Tablet,2,0,3,1,0
TXN0248,2296,ATM,87576,Afternoon,Domestic,Mobile,1,0,4,1,0
TXN0249,1614,POS,99872,Morning,Domestic,Mobile,2,0,4,0,0
TXN0250,9726,ATM,88284,Afternoon,Domestic,ATM,2,0,4,0,0
TXN0251,3213,Online,64594,Evening,Domestic,Laptop,2,0,2,1,0
TXN0252,9145,Online,140893,Afternoon,Domestic,ATM,1,0,5,1,0
TXN0253,8501,Online,84947,Morning,Domestic,Laptop,1,0,8,1,0
TXN0254,849,ATM,5251,Evening,Domestic,ATM,2,0,4,1,0
TXN0255,3314,ATM,131888,Afternoon,Domestic,ATM,1,0,4,1,0
TXN0256,8105,ATM,193091,Afternoon,Domestic,ATM,2,0,8,0,0
TXN0257,81636,UPI,176168,Night,International,Mobile,5,0,25,0,1
TXN0258,3891,ATM,133574,Morning,Domestic,Tablet,0,0,3,1,0
TXN0259,93588,Online,4106,Night,International,Mobile,6,1,23,1,1
TXN0260,4797,UPI,26248,Morning,Domestic,Laptop,0,0,7,0,0
TXN0261,8725,Online,21714,Afternoon,Domestic,ATM,1,0,6,1,0
TXN0262,4084,UPI,172372,Afternoon,Domestic,Mobile,2,0,4,0,0
TXN0263,6279,UPI,185246,Morning,Domestic,Laptop,2,0,8,0,0
TXN0264,7209,UPI,139453,Evening,Domestic,Mobile,2,0,6,0,0
TXN0265,9386,UPI,180418,Morning,Domestic,ATM,1,0,5,0,0
TXN0266,5252,ATM,198198,Evening,Domestic,Tablet,0,0,4,0,0
TXN0267,9339,POS,101622,Evening,Domestic,Laptop,0,0,7,0,0
TXN0268,5766,ATM,20927,Afternoon,Domestic,ATM,0,0,2,1,0
TXN0269,5447,Online,60805,Afternoon,Domestic,ATM,0,0,5,1,0
TXN0270,9698,POS,65605,Morning,Domestic,Mobile,2,0,7,0,0
TXN0271,6325,Online,84015,Evening,Domestic,ATM,2,0,3,0,0
TXN0272,50405,UPI,50123,Night,International,Tablet,5,1,16,1,1
TXN0273,8495,UPI,93776,Morning,Domestic,Mobile,1,0,2,1,0
TXN0274,302,UPI,191013,Afternoon,Domestic,Laptop,1,0,7,0,0
TXN0275,2877,POS,130269,Afternoon,Domestic,Laptop,0,0,5,0,0
TXN0276,4621,UPI,95666,Afternoon,Domestic,ATM,1,0,5,0,0
TXN0277,8223,UPI,36517,Afternoon,Domestic,ATM,2,0,4,0,0
TXN0278,5543,Online,88749,Afternoon,Domestic,Tablet,2,0,7,0,0
TXN0279,9983,POS,47566,Afternoon,Domestic,Tablet,2,0,4,1,0
TXN0280,8144,Online,74479,Afternoon,Domestic,Tablet,2,0,4,1,0
TXN0281,83905,ATM,115938,Night,Domestic,ATM,3,0,25,0,1
TXN0282,6803,POS,64444,Morning,Domestic,ATM,2,0,8,0,0
TXN0283,6276,Online,153631,Evening,Domestic,Tablet,0,0,8,1,0
TXN0284,5990,ATM,173386,Morning,Domestic,ATM,2,0,2,0,0
TXN0285,825,Online,28772,Afternoon,Domestic,Mobile,2,0,7,0,0
TXN0286,8466,POS,103533,Afternoon,Domestic,Tablet,2,0,4,0,0
TXN0287,502,Online,23506,Afternoon,Domestic,Mobile,1,0,2,0,0
TXN0288,5720,Online,92304,Evening,Domestic,Tablet,1,0,4,0,0
TXN0289,7512,UPI,187326,Afternoon,Domestic,Mobile,1,0,2,0,0
TXN0290,1891,ATM,136264,Evening,Domestic,Laptop,2,0,3,0,0
TXN0291,7085,ATM,49860,Afternoon,Domestic,Tablet,1,0,4,1,0
TXN0292,90492,ATM,54945,Midnight,International,ATM,3,1,21,0,1
TXN0293,8896,ATM,120944,Afternoon,Domestic,Mobile,0,0,6,1,0
TXN0294,8119,Online,161250,Evening,Domestic,Tablet,2,0,6,0,0
TXN0295,7601,POS,162083,Evening,Domestic,Mobile,2,0,3,0,0
TXN0296,4008,POS,182780,Morning,Domestic,Laptop,1,0,2,1,0
TXN0297,2358,ATM,128577,Afternoon,Domestic,Laptop,2,0,7,0,0
TXN0298,2398,UPI,95119,Afternoon,Domestic,Mobile,0,0,6,1,0
TXN0299,60324,Online,129109,Midnight,Domestic,Laptop,6,1,21,0,1
TXN0300,3713,ATM,141930,Afternoon,Domestic,ATM,1,0,1,0,0
TXN0301,9367,UPI,151133,Evening,Domestic,Mobile,2,0,8,1,0
TXN0302,6110,Online,144223,Evening,Domestic,Laptop,2,0,1,1,0
TXN0303,95678,POS,23802,Midnight,Domestic,Tablet,3,1,9,0,1
TXN0304,3982,Online,44511,Evening,Domestic,Laptop,0,0,6,0,0
TXN0305,1072,POS,157462,Evening,Domestic,Laptop,2,0,6,1,0
TXN0306,4894,UPI,36543,Evening,Domestic,Tablet,1,0,5,0,0
TXN0307,2178,ATM,187487,Morning,Domestic,ATM,2,0,3,0,0
TXN0308,6534,POS,165577,Evening,Domestic,Tablet,1,0,3,1,0
TXN0309,1625,POS,120195,Evening,Domestic,Tablet,1,0,5,1,0
TXN0310,1626,POS,17601,Evening,Domestic,Tablet,2,0,8,0,0
TXN0311,3570,POS,89540,Afternoon,Domestic,Laptop,1,0,5,1,0
TXN0312,893,Online,5268,Evening,Domestic,Mobile,0,0,2,0,0
TXN0313,111,ATM,171392,Evening,Domestic,ATM,1,0,4,0,0
TXN0314,4589,UPI,98476,Afternoon,Domestic,Laptop,0,0,6,0,0
TXN0315,5105,UPI,185470,Afternoon,Domestic,Mobile,2,0,4,0,0
TXN0316,1376,Online,3434,Evening,Domestic,Mobile,0,0,4,1,0
TXN0317,7019,UPI,61017,Afternoon,Domestic,Tablet,2,0,3,0,0
TXN0318,1778,POS,36947,Afternoon,Domestic,Tablet,0,0,6,0,0
TXN0319,2440,ATM,116369,Evening,Domestic,ATM,0,0,1,0,0
TXN0320,2580,UPI,27336,Morning,Domestic,Laptop,1,0,8,0,0
TXN0321,6391,ATM,65955,Afternoon,Domestic,ATM,1,0,7,0,0
TXN0322,9946,UPI,173597,Evening,Domestic,ATM,2,0,5,0,0
TXN0323,8448,UPI,63741,Afternoon,Domestic,Tablet,0,0,7,1,0
TXN0324,75481,POS,35598,Night,Domestic,Tablet,6,0,24,1,1
TXN0325,2930,UPI,4615,Morning,Domestic,ATM,1,0,2,0,0
TXN0326,17925,Online,22607,Midnight,Domestic,Laptop,5,1,24,1,1
TXN0327,20357,UPI,82309,Midnight,Domestic,Tablet,6,0,12,0,1
TXN0328,21300,ATM,32311,Night,Domestic,Mobile,5,0,22,0,1
TXN0329,2784,POS,44768,Evening,Domestic,ATM,1,0,6,0,0
TXN0330,4503,POS,113544,Morning,Domestic,ATM,2,0,2,0,0
TXN0331,9547,Online,134898,Afternoon,Domestic,ATM,2,0,2,0,0
TXN0332,9387,POS,27975,Morning,Domestic,Mobile,0,0,6,0,0
TXN0333,142,UPI,124670,Morning,Domestic,ATM,0,0,1,1,0
TXN0334,3032,POS,66080,Morning,Domestic,Tablet,0,0,7,1,0
TXN0335,1376,UPI,48014,Morning,Domestic,Laptop,2,0,6,0,0
TXN0336,1229,POS,23645,Afternoon,Domestic,Tablet,1,0,5,0,0
TXN0337,4877,ATM,122615,Evening,Domestic,ATM,2,0,5,1,0
TXN0338,3301,UPI,108488,Morning,Domestic,Mobile,2,0,4,0,0
TXN0339,257,Online,194483,Evening,Domestic,ATM,1,0,1,0,0
TXN0340,4002,ATM,187555,Morning,Domestic,ATM,1,0,8,0,0
TXN0341,40339,UPI,133494,Midnight,International,Laptop,6,1,19,1,1
TXN0342,84425,POS,83577,Night,Domestic,Tablet,2,1,12,1,1
TXN0343,4555,ATM,154277,Morning,Domestic,Mobile,0,0,2,0,0
TXN0344,68925,ATM,119467,Night,Domestic,ATM,5,1,21,1,1
TXN0345,2064,POS,185734,Evening,Domestic,Mobile,0,0,3,0,0
TXN0346,5470,ATM,94255,Evening,Domestic,Tablet,0,0,2,0,0
TXN0347,4362,Online,146739,Afternoon,Domestic,Laptop,0,0,1,0,0
TXN0348,2390,ATM,35266,Morning,Domestic,Laptop,0,0,1,1,0
TXN0349,1476,UPI,17900,Morning,Domestic,Laptop,2,0,5,1,0
TXN0350,1606,Online,14274,Morning,Domestic,Laptop,1,0,2,1,0
TXN0351,6571,Online,46300,Afternoon,Domestic,ATM,1,0,1,0,0
TXN0352,4605,UPI,161984,Morning,Domestic,Laptop,1,0,8,1,0
TXN0353,9122,POS,101405,Morning,Domestic,Laptop,1,0,1,1,0
TXN0354,8714,POS,126746,Afternoon,Domestic,Tablet,0,0,1,1,0
TXN0355,8331,ATM,7832,Afternoon,Domestic,ATM,1,0,7,0,0
TXN0356,46822,ATM,27249,Midnight,International,Laptop,2,1,24,0,1
TXN0357,1016,ATM,47163,Afternoon,Domestic,Laptop,0,0,7,1,0
TXN0358,5978,POS,149806,Evening,Domestic,Laptop,2,0,1,0,0
TXN0359,8164,Online,10951,Morning,Domestic,Mobile,2,0,5,0,0
TXN0360,3684,POS,161991,Morning,Domestic,Laptop,0,0,8,0,0
TXN0361,3007,ATM,154776,Morning,Domestic,Laptop,1,0,1,0,0
TXN0362,6078,Online,154620,Evening,Domestic,Mobile,0,0,6,1,0
TXN0363,2335,Online,171178,Evening,Domestic,ATM,0,0,7,0,0
TXN0364,9307,ATM,100191,Morning,Domestic,ATM,2,0,6,1,0
TXN0365,10235,ATM,168679,Night,Domestic,Mobile,6,1,9,1,1
TXN0366,20198,POS,118081,Night,International,Mobile,3,1,18,1,1
TXN0367,1210,UPI,13621,Morning,Domestic,Tablet,1,0,5,1,0
TXN0368,2825,POS,144136,Afternoon,Domestic,Tablet,1,0,8,0,0
TXN0369,9570,Online,20322,Morning,Domestic,Mobile,2,0,4,1,0
TXN0370,44226,ATM,192885,Night,Domestic,Mobile,2,0,18,0,1
TXN0371,8009,ATM,160204,Afternoon,Domestic,Tablet,2,0,1,0,0
TXN0372,53397,POS,63271,Midnight,Domestic,Mobile,3,0,21,0,1
TXN0373,9105,POS,2000,Morning,Domestic,Tablet,1,0,3,0,0
TXN0374,9933,UPI,55251,Morning,Domestic,Laptop,1,0,4,1,0
TXN0375,7858,Online,129213,Afternoon,Domestic,ATM,0,0,5,0,0
TXN0376,6449,POS,49911,Afternoon,Domestic,Tablet,0,0,6,0,0
TXN0377,7719,UPI,40617,Afternoon,Domestic,Mobile,1,0,4,0,0
TXN0378,8971,UPI,102477,Evening,Domestic,Tablet,1,0,4,1,0
TXN0379,3960,Online,188250,Morning,Domestic,Mobile,1,0,5,0,0
TXN0380,68856,UPI,111985,Night,International,Mobile,3,0,14,1,1
TXN0381,2522,UPI,23813,Afternoon,Domestic,Tablet,2,0,5,1,0
TXN0382,4625,Online,30496,Morning,Domestic,Tablet,2,0,8,0,0
TXN0383,87061,POS,108712,Night,Domestic,ATM,6,0,11,1,1
TXN0384,9472,ATM,73198,Morning,Domestic,Tablet,2,0,8,0,0
TXN0385,6681,ATM,13921,Afternoon,Domestic,Tablet,0,0,7,1,0
TXN0386,431,POS,129875,Afternoon,Domestic,Mobile,1,0,5,0,0
TXN0387,68079,Online,56414,Night,International,Tablet,4,1,21,1,1
TXN0388,6226,POS,187009,Morning,Domestic,Tablet,0,0,3,0,0
TXN0389,8689,ATM,53619,Morning,Domestic,Mobile,2,0,1,0,0
TXN0390,16626,Online,167568,Midnight,Domestic,Mobile,4,0,16,0,1
TXN0391,8108,Online,154847,Morning,Domestic,ATM,2,0,8,1,0
TXN0392,4337,UPI,102335,Afternoon,Domestic,Mobile,2,0,2,0,0
TXN0393,3611,ATM,71538,Evening,Domestic,Tablet,0,0,4,0,0
TXN0394,245,ATM,158585,Evening,Domestic,Mobile,1,0,3,0,0
TXN0395,5104,Online,92412,Afternoon,Domestic,Tablet,2,0,5,1,0
TXN0396,5050,UPI,2926,Evening,Domestic,ATM,2,0,7,1,0
TXN0397,1871,POS,168928,Afternoon,Domestic,ATM,1,0,2,1,0
TXN0398,4995,ATM,15883,Evening,Domestic,Tablet,0,0,3,1,0
TXN0399,517,POS,110724,Afternoon,Domestic,Tablet,2,0,8,1,0
TXN0400,9652,ATM,180914,Afternoon,Domestic,Tablet,2,0,4,1,0
TXN0401,2885,UPI,124412,Afternoon,Domestic,Laptop,2,0,3,1,0
TXN0402,9259,UPI,59262,Evening,Domestic,ATM,0,0,6,0,0
TXN0403,5131,POS,154503,Afternoon,Domestic,ATM,1,0,6,1,0
TXN0404,7809,ATM,132197,Afternoon,Domestic,Mobile,0,0,2,1,0
TXN0405,6868,ATM,90828,Morning,Domestic,Tablet,0,0,3,1,0
TXN0406,33639,UPI,2235,Night,Domestic,Tablet,2,1,18,1,1
TXN0407,2862,UPI,34922,Afternoon,Domestic,Tablet,2,0,3,1,0
TXN0408,7921,ATM,192537,Morning,Domestic,ATM,1,0,1,0,0
TXN0409,8800,UPI,165282,Evening,Domestic,Laptop,0,0,1,0,0
TXN0410,5741,Online,132946,Morning,Domestic,ATM,1,0,3,0,0
TXN0411,15992,ATM,90845,Midnight,Domestic,Tablet,4,1,22,1,1
TXN0412,2801,ATM,191622,Morning,Domestic,Laptop,1,0,1,0,0
TXN0413,9761,POS,187413,Morning,Domestic,Mobile,2,0,3,1,0
TXN0414,4290,UPI,174531,Evening,Domestic,Mobile,2,0,1,0,0
TXN0415,25176,Online,184990,Night,Domestic,Laptop,5,1,20,0,1
TXN0416,252,UPI,174665,Evening,Domestic,ATM,1,0,7,0,0
TXN0417,1818,UPI,28856,Afternoon,Domestic,Tablet,2,0,2,0,0
TXN0418,4408,Online,78424,Afternoon,Domestic,Laptop,2,0,4,0,0
TXN0419,3502,ATM,1717,Afternoon,Domestic,Mobile,2,0,8,0,0
TXN0420,9506,UPI,135140,Morning,Domestic,Mobile,2,0,8,0,0
TXN0421,3887,Online,14128,Afternoon,Domestic,Mobile,1,0,5,0,0
TXN0422,4860,UPI,25903,Afternoon,Domestic,Mobile,1,0,6,0,0
TXN0423,2893,POS,193169,Afternoon,Domestic,Mobile,1,0,6,1,0
TXN0424,3096,Online,72259,Afternoon,Domestic,Tablet,0,0,7,1,0
TXN0425,2832,UPI,42784,Evening,Domestic,Mobile,0,0,3,1,0
TXN0426,8008,Online,95004,Morning,Domestic,Mobile,2,0,8,0,0
TXN0427,8097,UPI,17603,Afternoon,Domestic,ATM,0,0,7,1,0
TXN0428,98857,ATM,127334,Night,Domestic,ATM,6,0,18,1,1
TXN0429,83183,Online,44359,Night,Domestic,Mobile,6,0,8,1,1
TXN0430,5521,ATM,145309,Evening,Domestic,Tablet,1,0,1,1,0
TXN0431,1391,Online,24073,Evening,Domestic,Tablet,1,0,8,1,0
TXN0432,8248,Online,109092,Morning,Domestic,Mobile,2,0,1,0,0
TXN0433,9999,ATM,172598,Evening,Domestic,Tablet,2,0,5,1,0
TXN0434,989,Online,188867,Afternoon,Domestic,ATM,0,0,8,1,0
TXN0435,96364,POS,185050,Midnight,Domestic,Mobile,3,0,18,0,1
TXN0436,8167,POS,161131,Morning,Domestic,Laptop,0,0,7,0,0
TXN0437,61497,Online,13189,Midnight,International,Mobile,3,1,14,1,1
TXN0438,9755,UPI,140031,Afternoon,Domestic,Mobile,2,0,3,1,0
TXN0439,8012,ATM,192494,Evening,Domestic,Laptop,2,0,3,0,0
TXN0440,9939,Online,110750,Evening,Domestic,Laptop,2,0,6,1,0
TXN0441,5717,ATM,109198,Morning,Domestic,ATM,1,0,8,1,0
TXN0442,9169,ATM,164621,Morning,Domestic,ATM,2,0,4,1,0
TXN0443,2273,POS,187214,Evening,Domestic,Mobile,2,0,3,1,0
TXN0444,9648,POS,111726,Evening,Domestic,Mobile,2,0,7,0,0
TXN0445,29048,POS,180146,Midnight,International,ATM,2,0,14,0,1
TXN0446,4935,Online,27864,Afternoon,Domestic,Laptop,0,0,1,1,0
TXN0447,4812,Online,110200,Afternoon,Domestic,ATM,2,0,1,0,0
TXN0448,42943,ATM,78116,Midnight,International,Tablet,3,1,15,0,1
TXN0449,1320,UPI,99880,Evening,Domestic,Mobile,0,0,3,1,0
TXN0450,4429,POS,2479,Evening,Domestic,ATM,0,0,3,1,0
TXN0451,2636,UPI,164936,Afternoon,Domestic,ATM,0,0,3,1,0
TXN0452,9113,POS,138729,Evening,Domestic,Laptop,1,0,2,0,0
TXN0453,8376,Online,25102,Evening,Domestic,ATM,0,0,7,0,0
TXN0454,5537,ATM,198304,Afternoon,Domestic,Tablet,1,0,6,0,0
TXN0455,55351,Online,30720,Night,Domestic,Tablet,5,0,15,1,1
TXN0456,4733,Online,128612,Evening,Domestic,Mobile,0,0,6,1,0
TXN0457,3254,ATM,142026,Morning,Domestic,Mobile,1,0,2,0,0
TXN0458,3592,ATM,141969,Morning,Domestic,Tablet,2,0,7,0,0
TXN0459,2619,POS,10931,Evening,Domestic,Mobile,0,0,8,0,0
TXN0460,43018,Online,119259,Midnight,Domestic,Tablet,6,0,15,1,1
TXN0461,6481,UPI,169145,Evening,Domestic,Mobile,2,0,2,0,0
TXN0462,1289,POS,160007,Afternoon,Domestic,Mobile,1,0,2,1,0
TXN0463,7270,UPI,125253,Evening,Domestic,Laptop,1,0,7,0,0
TXN0464,61248,UPI,146103,Midnight,Domestic,Laptop,6,1,12,0,1
TXN0465,85067,ATM,197161,Night,Domestic,ATM,6,1,25,0,1
TXN0466,8497,ATM,162712,Morning,Domestic,ATM,0,0,3,0,0
TXN0467,97946,POS,177078,Midnight,International,Mobile,6,0,25,1,1
TXN0468,86099,UPI,75746,Night,International,Mobile,5,1,19,0,1
TXN0469,7483,ATM,149256,Evening,Domestic,ATM,1,0,5,1,0
TXN0470,2862,ATM,187698,Morning,Domestic,Tablet,0,0,6,1,0
TXN0471,2300,Online,117747,Afternoon,Domestic,ATM,2,0,6,1,0
TXN0472,1883,ATM,142195,Afternoon,Domestic,Laptop,0,0,2,1,0
TXN0473,1352,UPI,153539,Morning,Domestic,Tablet,2,0,2,0,0
TXN0474,9137,ATM,96897,Evening,Domestic,Tablet,1,0,8,0,0
TXN0475,9760,Online,132366,Morning,Domestic,Mobile,2,0,5,1,0
TXN0476,273,ATM,199497,Evening,Domestic,Laptop,2,0,4,1,0
TXN0477,9379,Online,95056,Evening,Domestic,Mobile,2,0,3,0,0
TXN0478,3896,ATM,12221,Afternoon,Domestic,Laptop,0,0,5,1,0
TXN0479,7548,POS,28059,Evening,Domestic,ATM,0,0,1,1,0
TXN0480,9441,Online,96760,Evening,Domestic,Mobile,0,0,7,1,0
TXN0481,3751,POS,128627,Afternoon,Domestic,Tablet,2,0,7,0,0
TXN0482,2376,UPI,135883,Morning,Domestic,ATM,1,0,3,0,0
TXN0483,2678,ATM,109688,Evening,Domestic,ATM,1,0,2,0,0
TXN0484,7944,ATM,170675,Evening,Domestic,Tablet,1,0,4,0,0
TXN0485,2195,UPI,151016,Morning,Domestic,Laptop,2,0,3,0,0
TXN0486,3049,UPI,189625,Evening,Domestic,ATM,2,0,7,0,0
TXN0487,7823,Online,158506,Morning,Domestic,Laptop,1,0,3,0,0
TXN0488,8469,POS,119874,Evening,Domestic,Mobile,1,0,3,0,0
TXN0489,2266,Online,40206,Morning,Domestic,Mobile,0,0,1,0,0
TXN0490,9927,Online,173855,Morning,Domestic,Laptop,0,0,2,0,0
TXN0491,7169,UPI,183882,Afternoon,Domestic,Tablet,2,0,7,0,0
TXN0492,7999,UPI,112539,Evening,Domestic,Laptop,1,0,6,1,0
TXN0493,3909,Online,68582,Evening,Domestic,Laptop,0,0,5,0,0
TXN0494,216,UPI,99311,Evening,Domestic,Laptop,2,0,2,1,0
TXN0495,1846,POS,69498,Evening,Domestic,Tablet,0,0,7,1,0
TXN0496,6611,Online,47850,Evening,Domestic,ATM,0,0,7,1,0
TXN0497,5124,Online,193880,Evening,Domestic,Laptop,2,0,6,0,0
TXN0498,7417,ATM,134259,Morning,Domestic,Tablet,2,0,3,1,0
TXN0499,952,UPI,24878,Evening,Domestic,Laptop,0,0,7,1,0
TXN0500,7233,ATM,98212,Afternoon,Domestic,Mobile,0,0,2,0,0
